{
  "Decision Tree_0": {
    "accuracy": 0.8236996336996338,
    "precision": 0.5986135268240531,
    "recall": 0.6391304347826087,
    "f1-score": 0.615677861979489,
    "support": 23.0
  },
  "Decision Tree_1": {
    "accuracy": 0.8236996336996338,
    "precision": 0.8958626906102735,
    "recall": 0.8758807588075882,
    "f1-score": 0.8854200044443038,
    "support": 81.4
  },
  "KNN_0": {
    "accuracy": 0.6655586080586081,
    "precision": 0.3749935753302462,
    "recall": 0.7521739130434781,
    "f1-score": 0.4995591613868767,
    "support": 23.0
  },
  "KNN_1": {
    "accuracy": 0.6655586080586081,
    "precision": 0.9009397878120211,
    "recall": 0.6410569105691057,
    "f1-score": 0.7480945669405015,
    "support": 81.4
  },
  "Naive Bayes_0": {
    "accuracy": 0.8006684981684984,
    "precision": 0.5393650762718396,
    "recall": 0.6608695652173913,
    "f1-score": 0.5920781221641888,
    "support": 23.0
  },
  "Naive Bayes_1": {
    "accuracy": 0.8006684981684984,
    "precision": 0.8982372919581371,
    "recall": 0.8402288467329118,
    "f1-score": 0.8678777794550877,
    "support": 81.4
  },
  "SVM_0": {
    "accuracy": 0.8390384615384615,
    "precision": 0.6194233865972996,
    "recall": 0.7217391304347825,
    "f1-score": 0.6636324912466828,
    "support": 23.0
  },
  "SVM_1": {
    "accuracy": 0.8390384615384615,
    "precision": 0.9180270168584371,
    "recall": 0.8721619993977716,
    "f1-score": 0.8939202174633982,
    "support": 81.4
  },
  "Logistic Regression_0": {
    "accuracy": 0.8475641025641025,
    "precision": 0.6281336482956338,
    "recall": 0.8043478260869564,
    "f1-score": 0.7021283675411383,
    "support": 23.0
  },
  "Logistic Regression_1": {
    "accuracy": 0.8475641025641025,
    "precision": 0.9396547901331939,
    "recall": 0.859741041854863,
    "f1-score": 0.8973253960561525,
    "support": 81.4
  }
}