{
  "Decision Tree_0": {
    "accuracy": 0.9790759493670893,
    "precision": 0.967468322273401,
    "recall": 0.9692307692307662,
    "f1-score": 0.9682538048805567,
    "support": 130.0
  },
  "Decision Tree_1": {
    "accuracy": 0.9790759493670893,
    "precision": 0.984930209931467,
    "recall": 0.9839056603773586,
    "f1-score": 0.984394277320638,
    "support": 265.0
  },
  "Random Forest_0": {
    "accuracy": 0.9820759493670898,
    "precision": 0.9744969336651715,
    "recall": 0.971153846153843,
    "f1-score": 0.9727274129346044,
    "support": 130.0
  },
  "Random Forest_1": {
    "accuracy": 0.9820759493670898,
    "precision": 0.9859144731099185,
    "recall": 0.9874339622641507,
    "f1-score": 0.9866505298943637,
    "support": 265.0
  },
  "KNN_0": {
    "accuracy": 0.7774936708860762,
    "precision": 0.607061640052746,
    "recall": 0.9218461538461546,
    "f1-score": 0.7318134875213272,
    "support": 130.0
  },
  "KNN_1": {
    "accuracy": 0.7774936708860762,
    "precision": 0.9487933133210056,
    "recall": 0.7066792452830188,
    "f1-score": 0.809763913273413,
    "support": 265.0
  },
  "Naive Bayes_0": {
    "accuracy": 0.7950759493670884,
    "precision": 0.6965067540917442,
    "recall": 0.6703846153846159,
    "f1-score": 0.6825922367963057,
    "support": 130.0
  },
  "Naive Bayes_1": {
    "accuracy": 0.7950759493670884,
    "precision": 0.84141805447697,
    "recall": 0.8562452830188676,
    "f1-score": 0.8486056164441454,
    "support": 265.0
  },
  "SVM_0": {
    "accuracy": 0.9432025316455709,
    "precision": 0.8802243851690155,
    "recall": 0.9583076923076895,
    "f1-score": 0.9174253410191165,
    "support": 130.0
  },
  "SVM_1": {
    "accuracy": 0.9432025316455709,
    "precision": 0.9787021960739247,
    "recall": 0.935792452830188,
    "f1-score": 0.9567071364499854,
    "support": 265.0
  },
  "Logistic Regression_0": {
    "accuracy": 0.8860759493670884,
    "precision": 0.7817083632628063,
    "recall": 0.907615384615386,
    "f1-score": 0.8398488251748872,
    "support": 130.0
  },
  "Logistic Regression_1": {
    "accuracy": 0.8860759493670884,
    "precision": 0.9508626563112732,
    "recall": 0.8755094339622634,
    "f1-score": 0.9115814993503313,
    "support": 265.0
  }
}