{
  "Decision Tree_0": {
    "accuracy": 0.9855624036979969,
    "precision": 0.9530376777838029,
    "recall": 0.9536999999999991,
    "f1-score": 0.9532047452081054,
    "support": 100.0
  },
  "Decision Tree_1": {
    "accuracy": 0.9855624036979969,
    "precision": 0.9915736300024233,
    "recall": 0.9913661202185784,
    "f1-score": 0.991464151999633,
    "support": 549.0
  },
  "Random Forest_0": {
    "accuracy": 0.9902157164869027,
    "precision": 0.9738679823300577,
    "recall": 0.9625499999999992,
    "f1-score": 0.9680733419105856,
    "support": 100.0
  },
  "Random Forest_1": {
    "accuracy": 0.9902157164869027,
    "precision": 0.9931988476809015,
    "recall": 0.9952550091074686,
    "f1-score": 0.99422244648311,
    "support": 549.0
  },
  "KNN_0": {
    "accuracy": 0.8319183359013869,
    "precision": 0.4780606199404208,
    "recall": 0.9741499999999992,
    "f1-score": 0.6412401521891457,
    "support": 100.0
  },
  "KNN_1": {
    "accuracy": 0.8319183359013869,
    "precision": 0.9942125241484753,
    "recall": 0.8060109289617476,
    "f1-score": 0.8902316263594078,
    "support": 549.0
  },
  "Naive Bayes_0": {
    "accuracy": 0.8207858243451471,
    "precision": 0.45404863323590966,
    "recall": 0.7978000000000007,
    "f1-score": 0.5785245365594378,
    "support": 100.0
  },
  "Naive Bayes_1": {
    "accuracy": 0.8207858243451471,
    "precision": 0.9572912774934782,
    "recall": 0.8249726775956288,
    "f1-score": 0.8861742958836294,
    "support": 549.0
  },
  "SVM_0": {
    "accuracy": 0.9597072419106323,
    "precision": 0.8120691993782724,
    "recall": 0.9616999999999993,
    "f1-score": 0.8803916473601926,
    "support": 100.0
  },
  "SVM_1": {
    "accuracy": 0.9597072419106323,
    "precision": 0.992791919153039,
    "recall": 0.9593442622950826,
    "f1-score": 0.9757714550215144,
    "support": 549.0
  },
  "Logistic Regression_0": {
    "accuracy": 0.9050154083204924,
    "precision": 0.632752648610722,
    "recall": 0.9154499999999998,
    "f1-score": 0.7481430332582525,
    "support": 100.0
  },
  "Logistic Regression_1": {
    "accuracy": 0.9050154083204924,
    "precision": 0.9832537510502736,
    "recall": 0.9031147540983617,
    "f1-score": 0.9414661460086059,
    "support": 549.0
  }
}