{
  "Decision Tree_0": {
    "accuracy": 0.8165448717948715,
    "precision": 0.722172236324906,
    "recall": 0.725514474066525,
    "f1-score": 0.7145063500043248,
    "support": 13.0
  },
  "Decision Tree_1": {
    "accuracy": 0.8165448717948715,
    "precision": 0.8654800469275615,
    "recall": 0.8611243801495075,
    "f1-score": 0.8606844301625804,
    "support": 26.5
  },
  "Random Forest_0": {
    "accuracy": 0.8279326923076913,
    "precision": 0.7868355949605952,
    "recall": 0.6516499294264385,
    "f1-score": 0.703370213947761,
    "support": 13.0
  },
  "Random Forest_1": {
    "accuracy": 0.8279326923076913,
    "precision": 0.843325928146912,
    "recall": 0.9150653756789279,
    "f1-score": 0.8756519491805342,
    "support": 26.5
  },
  "KNN_0": {
    "accuracy": 0.729355769230769,
    "precision": 0.6536409007659008,
    "recall": 0.39195573565581304,
    "f1-score": 0.47840840307923643,
    "support": 13.0
  },
  "KNN_1": {
    "accuracy": 0.729355769230769,
    "precision": 0.7492439578053888,
    "recall": 0.8953698013169437,
    "f1-score": 0.8134125390386129,
    "support": 26.5
  },
  "Naive Bayes_0": {
    "accuracy": 0.7450608974358972,
    "precision": 0.6573260361714307,
    "recall": 0.4828665271347159,
    "f1-score": 0.5440111603190997,
    "support": 13.0
  },
  "Naive Bayes_1": {
    "accuracy": 0.7450608974358972,
    "precision": 0.7752377443128448,
    "recall": 0.873903413534074,
    "f1-score": 0.8186435758136241,
    "support": 26.5
  },
  "SVM_0": {
    "accuracy": 0.8177371794871795,
    "precision": 0.7902675167969282,
    "recall": 0.6156804767085342,
    "f1-score": 0.6799450092867322,
    "support": 13.0
  },
  "SVM_1": {
    "accuracy": 0.8177371794871795,
    "precision": 0.8293938690603376,
    "recall": 0.9180034290274258,
    "f1-score": 0.8690826647588036,
    "support": 26.5
  },
  "Logistic Regression_0": {
    "accuracy": 0.8340993589743586,
    "precision": 0.752625833102226,
    "recall": 0.7391607299863875,
    "f1-score": 0.7372228025524111,
    "support": 13.0
  },
  "Logistic Regression_1": {
    "accuracy": 0.8340993589743586,
    "precision": 0.8734095449374257,
    "recall": 0.8824776312495812,
    "f1-score": 0.8755519511837575,
    "support": 26.5
  }
}