{
  "Decision Tree_0": {
    "accuracy": 0.8250467032967029,
    "precision": 0.604676455877417,
    "recall": 0.6134365487661352,
    "f1-score": 0.6027576049728828,
    "support": 23.0
  },
  "Decision Tree_1": {
    "accuracy": 0.8250467032967029,
    "precision": 0.890200275527812,
    "recall": 0.8851404179293968,
    "f1-score": 0.8869073876909781,
    "support": 81.4
  },
  "Random Forest_0": {
    "accuracy": 0.8555673076923064,
    "precision": 0.7327810265497254,
    "recall": 0.5488581007396512,
    "f1-score": 0.6216272655134708,
    "support": 23.0
  },
  "Random Forest_1": {
    "accuracy": 0.8555673076923064,
    "precision": 0.8804165611804927,
    "recall": 0.942865243788278,
    "f1-score": 0.9100790789255834,
    "support": 81.4
  },
  "KNN_0": {
    "accuracy": 0.8115036630036624,
    "precision": 0.6463281976236699,
    "recall": 0.31744738930013716,
    "f1-score": 0.41968730587784087,
    "support": 23.0
  },
  "KNN_1": {
    "accuracy": 0.8115036630036624,
    "precision": 0.8312598704831403,
    "recall": 0.9514520220520041,
    "f1-score": 0.8867867810209212,
    "support": 81.4
  },
  "Naive Bayes_0": {
    "accuracy": 0.8053434065934062,
    "precision": 0.5602199080296563,
    "recall": 0.557388560348145,
    "f1-score": 0.5534015930960487,
    "support": 23.0
  },
  "Naive Bayes_1": {
    "accuracy": 0.8053434065934062,
    "precision": 0.8746560116155483,
    "recall": 0.8759572100915297,
    "f1-score": 0.8746584705463194,
    "support": 81.4
  },
  "SVM_0": {
    "accuracy": 0.8654244505494505,
    "precision": 0.7692609336054378,
    "recall": 0.5637305895200764,
    "f1-score": 0.6442182982821615,
    "support": 23.0
  },
  "SVM_1": {
    "accuracy": 0.8654244505494505,
    "precision": 0.8846272031556295,
    "recall": 0.9517194969408905,
    "f1-score": 0.916436160723476,
    "support": 81.4
  },

  "Logistic Regression_0": {
    "accuracy": 0.8729102564102564,
    "precision": 0.74318791655912,
    "recall": 0.6519452520485935,
    "f1-score": 0.6891899656296995,
    "support": 23.0
  },
  "Logistic Regression_1": {
    "accuracy": 0.8729102564102564,
    "precision": 0.9046443792506076,
    "recall": 0.9356914892636112,
    "f1-score": 0.9194388199631589,
    "support": 81.4
  }
}