{
  "Decision Tree_0": {
    "accuracy": 0.7879743589743584,
    "precision": 0.6846167237904851,
    "recall": 0.6776923076923075,
    "f1-score": 0.6743712032288363,
    "support": 13.0
  },
  "Decision Tree_1": {
    "accuracy": 0.7879743589743584,
    "precision": 0.8451001984453774,
    "recall": 0.8421723646723632,
    "f1-score": 0.8415822695275422,
    "support": 26.5
  },
  "Random Forest_0": {
    "accuracy": 0.8209743589743583,
    "precision": 0.7499237195338202,
    "recall": 0.7084615384615383,
    "f1-score": 0.7208874061558536,
    "support": 13.0
  },
  "Random Forest_1": {
    "accuracy": 0.8209743589743583,
    "precision": 0.8623187375307013,
    "recall": 0.8762108262108252,
    "f1-score": 0.8672403285641762,
    "support": 26.5
  },
  "KNN_0": {
    "accuracy": 0.6753589743589743,
    "precision": 0.509991196576876,
    "recall": 0.7942307692307676,
    "f1-score": 0.6180678152724707,
    "support": 13.0
  },
  "KNN_1": {
    "accuracy": 0.6753589743589743,
    "precision": 0.8613721102845333,
    "recall": 0.6171794871794878,
    "f1-score": 0.7151530904133067,
    "support": 26.5
  },
  "Naive Bayes_0": {
    "accuracy": 0.7548782051282045,
    "precision": 0.6456950720203426,
    "recall": 0.5903846153846153,
    "f1-score": 0.6106651088570972,
    "support": 13.0
  },
  "Naive Bayes_1": {
    "accuracy": 0.7548782051282045,
    "precision": 0.8079984938567315,
    "recall": 0.8355982905982904,
    "f1-score": 0.8199019218205947,
    "support": 26.5
  },
  "SVM_0": {
    "accuracy": 0.8075096153846149,
    "precision": 0.6946510047614928,
    "recall": 0.766923076923076,
    "f1-score": 0.7238432871916707,
    "support": 13.0
  },
  "SVM_1": {
    "accuracy": 0.8075096153846149,
    "precision": 0.880624903942505,
    "recall": 0.8274928774928766,
    "f1-score": 0.8512561955847004,
    "support": 26.5
  },
  "Logistic Regression_0": {
    "accuracy": 0.8398717948717943,
    "precision": 0.7290899765439238,
    "recall": 0.8373076923076915,
    "f1-score": 0.7752359071842507,
    "support": 13.0
  },
  "Logistic Regression_1": {
    "accuracy": 0.8398717948717943,
    "precision": 0.9152679122692774,
    "recall": 0.8411680911680907,
    "f1-score": 0.8749007858408763,
    "support": 26.5
  }
}