{
  "Decision Tree_0": {
    "accuracy": 0.8221785714285714,
    "precision": 0.5994390682344521,
    "recall": 0.6119565217391305,
    "f1-score": 0.6013210421713961,
    "support": 23.0
  },
  "Decision Tree_1": {
    "accuracy": 0.8221785714285714,
    "precision": 0.8900596275874034,
    "recall": 0.8815868714242693,
    "f1-score": 0.8852605801942406,
    "support": 81.4
  },
  "Random Forest_0": {
    "accuracy": 0.8482499999999996,
    "precision": 0.6738294679204835,
    "recall": 0.6271739130434782,
    "f1-score": 0.643992303076763,
    "support": 23.0
  },
  "Random Forest_1": {
    "accuracy": 0.8482499999999996,
    "precision": 0.8970445426295167,
    "recall": 0.9107091237579038,
    "f1-score": 0.9033064038390148,
    "support": 81.4
  },
  "KNN_0": {
    "accuracy": 0.681344322344322,
    "precision": 0.38862196484583217,
    "recall": 0.7586956521739131,
    "f1-score": 0.5126372834729084,
    "support": 23.0
  },
  "KNN_1": {
    "accuracy": 0.681344322344322,
    "precision": 0.9068960124556179,
    "recall": 0.6594963866305331,
    "f1-score": 0.7624610547782243,
    "support": 81.4
  },
  "Naive Bayes_0": {
    "accuracy": 0.7984793956043953,
    "precision": 0.5395142512697718,
    "recall": 0.6543478260869563,
    "f1-score": 0.5884187115529589,
    "support": 23.0
  },
  "Naive Bayes_1": {
    "accuracy": 0.7984793956043953,
    "precision": 0.89631738557818,
    "recall": 0.8392043059319476,
    "f1-score": 0.8662231078743682,
    "support": 81.4
  },
  "SVM_0": {
    "accuracy": 0.8456579670329664,
    "precision": 0.6343031353234818,
    "recall": 0.7343478260869561,
    "f1-score": 0.6772578520380341,
    "support": 23.0
  },
  "SVM_1": {
    "accuracy": 0.8456579670329664,
    "precision": 0.9217582732910351,
    "recall": 0.8771040349292377,
    "f1-score": 0.8983316068759641,
    "support": 81.4
  },
  "Logistic Regression_0": {
    "accuracy": 0.8551776556776557,
    "precision": 0.6347800961332426,
    "recall": 0.8343478260869571,
    "f1-score": 0.7183031402813647,
    "support": 23.0
  },
  "Logistic Regression_1": {
    "accuracy": 0.8551776556776557,
    "precision": 0.9489916892941447,
    "recall": 0.8610682023486896,
    "f1-score": 0.9022993455309677,
    "support": 81.4
  }
}