{
  "Decision Tree_0": {
    "accuracy": 0.7966346153846153,
    "precision": 0.34701534576534576,
    "recall": 0.38,
    "f1-score": 0.3582408781150199,
    "support": 10.0
  },
  "Decision Tree_1": {
    "accuracy": 0.7966346153846153,
    "precision": 0.8860469711438235,
    "recall": 0.8725252525252525,
    "f1-score": 0.8787846721170729,
    "support": 54.9
  },
  "KNN_0": {
    "accuracy": 0.7318870192307689,
    "precision": 0.3119133789540461,
    "recall": 0.55,
    "f1-score": 0.37878963602933846,
    "support": 10.0
  },
  "KNN_1": {
    "accuracy": 0.7318870192307689,
    "precision": 0.9073206616637635,
    "recall": 0.7650168350168349,
    "f1-score": 0.8240541569033611,
    "support": 54.9
  },
  "Naive Bayes_0": {
    "accuracy": 0.7360016025641026,
    "precision": 0.31888341895763184,
    "recall": 0.5933333333333333,
    "f1-score": 0.400669585938812,
    "support": 10.0
  },
  "Naive Bayes_1": {
    "accuracy": 0.7360016025641026,
    "precision": 0.9149760271978671,
    "recall": 0.7620202020202019,
    "f1-score": 0.8270919997324234,
    "support": 54.9
  },
  "SVM_0": {
    "accuracy": 0.7615444711538463,
    "precision": 0.3588584932891529,
    "recall": 0.5625,
    "f1-score": 0.4179500052075514,
    "support": 10.0
  },
  "SVM_1": {
    "accuracy": 0.7615444711538463,
    "precision": 0.9122138100507675,
    "recall": 0.7978367003367002,
    "f1-score": 0.8464015117007662,
    "support": 54.9
  },
  "Logistic Regression_0": {
    "accuracy": 0.7639230769230768,
    "precision": 0.3595729051839963,
    "recall": 0.5819999999999999,
    "f1-score": 0.42723307563909946,
    "support": 10.0
  },
  "Logistic Regression_1": {
    "accuracy": 0.7639230769230768,
    "precision": 0.9157166038142709,
    "recall": 0.7971178451178449,
    "f1-score": 0.8482210761647977,
    "support": 54.9
  }
}