{
  "Decision Tree_0": {
    "accuracy": 0.8045454545454548,
    "precision": 0.40103174603174613,
    "recall": 0.44166666666666665,
    "f1-score": 0.3966402116402117,
    "support": 3.3333333333333335
  },
  "Decision Tree_1": {
    "accuracy": 0.8045454545454548,
    "precision": 0.8966754825268759,
    "recall": 0.8709551656920076,
    "f1-score": 0.8811562230447679,
    "support": 18.3
  },
  "KNN_0": {
    "accuracy": 0.7315656565656566,
    "precision": 0.3356980056980056,
    "recall": 0.5819444444444445,
    "f1-score": 0.3927489177489178,
    "support": 3.3333333333333335
  },
  "KNN_1": {
    "accuracy": 0.7315656565656566,
    "precision": 0.9142451467664315,
    "recall": 0.7590155945419101,
    "f1-score": 0.8197127853074044,
    "support": 18.3
  },
  "Naive Bayes_0": {
    "accuracy": 0.7321789321789324,
    "precision": 0.33175962925962904,
    "recall": 0.6148148148148148,
    "f1-score": 0.40566186899520246,
    "support": 3.3333333333333335
  },
  "Naive Bayes_1": {
    "accuracy": 0.7321789321789324,
    "precision": 0.9192839288621016,
    "recall": 0.7536062378167641,
    "f1-score": 0.8204787501715489,
    "support": 18.3
  },
  "SVM_0": {
    "accuracy": 0.7575216450216445,
    "precision": 0.36465305527805525,
    "recall": 0.573611111111111,
    "f1-score": 0.41216306841306843,
    "support": 3.3333333333333335
  },
  "SVM_1": {
    "accuracy": 0.7575216450216445,
    "precision": 0.9150466465007863,
    "recall": 0.7911306042884984,
    "f1-score": 0.8407204912137743,
    "support": 18.3
  },
  "Logistic Regression_0": {
    "accuracy": 0.7610245310245303,
    "precision": 0.36634149184149184,
    "recall": 0.5916666666666667,
    "f1-score": 0.4231675546675546,
    "support": 3.3333333333333335
  },
  "Logistic Regression_1": {
    "accuracy": 0.7610245310245303,
    "precision": 0.9185256540558389,
    "recall": 0.7916959064327476,
    "f1-score": 0.8433386478484745,
    "support": 18.3
  }
}