{
  "Decision Tree_0": {
    "accuracy": 0.8567307692307693,
    "precision": 0.5520759795759795,
    "recall": 0.57,
    "f1-score": 0.5486754930805274,
    "support": 10.0
  },
  "Decision Tree_1": {
    "accuracy": 0.8567307692307693,
    "precision": 0.9215563257789128,
    "recall": 0.9089898989898991,
    "f1-score": 0.9143400249082341,
    "support": 54.9
  },
  "KNN_0": {
    "accuracy": 0.8035697115384618,
    "precision": 0.4578380383706471,
    "recall": 0.7000000000000001,
    "f1-score": 0.5260550741743371,
    "support": 10.0
  },
  "KNN_1": {
    "accuracy": 0.8035697115384618,
    "precision": 0.9414217051573607,
    "recall": 0.8224579124579124,
    "f1-score": 0.8734576072861733,
    "support": 54.9
  },
  "Naive Bayes_0": {
    "accuracy": 0.8038301282051286,
    "precision": 0.44753540637541406,
    "recall": 0.7033333333333333,
    "f1-score": 0.5248555880026742,
    "support": 10.0
  },
  "Naive Bayes_1": {
    "accuracy": 0.8038301282051286,
    "precision": 0.9416409243298159,
    "recall": 0.8221885521885522,
    "f1-score": 0.8742179226546986,
    "support": 54.9
  },
  "SVM_0": {
    "accuracy": 0.8216646634615389,
    "precision": 0.483615535245541,
    "recall": 0.6849999999999999,
    "f1-score": 0.5445912168840594,
    "support": 10.0
  },
  "SVM_1": {
    "accuracy": 0.8216646634615389,
    "precision": 0.9393291393746166,
    "recall": 0.8466077441077442,
    "f1-score": 0.8870954455703375,
    "support": 54.9
  },
  "Logistic Regression_0": {
    "accuracy": 0.831158653846154,
    "precision": 0.4988866104847328,
    "recall": 0.7099999999999999,
    "f1-score": 0.56745367911404,
    "support": 10.0
  },
  "Logistic Regression_1": {
    "accuracy": 0.831158653846154,
    "precision": 0.9439542617259378,
    "recall": 0.8532659932659932,
    "f1-score": 0.8934501838133869,
    "support": 54.9
  }
}