{
  "Decision Tree_0": {
    "accuracy": 0.795128205128205,
    "precision": 0.6886363636363637,
    "recall": 0.676923076923077,
    "f1-score": 0.6773869186758387,
    "support": 13.0
  },
  "Decision Tree_1": {
    "accuracy": 0.795128205128205,
    "precision": 0.8489540229885056,
    "recall": 0.8527065527065527,
    "f1-score": 0.8489653722866292,
    "support": 26.5
  },
  "KNN_0": {
    "accuracy": 0.6761538461538461,
    "precision": 0.5141575543397132,
    "recall": 0.8692307692307691,
    "f1-score": 0.6429850375457293,
    "support": 13.0
  },
  "KNN_1": {
    "accuracy": 0.6761538461538461,
    "precision": 0.8965851610736524,
    "recall": 0.5817663817663818,
    "f1-score": 0.7002515374978926,
    "support": 26.5
  },
  "Naive Bayes_0": {
    "accuracy": 0.7315384615384616,
    "precision": 0.5863597431979785,
    "recall": 0.623076923076923,
    "f1-score": 0.6008981376222755,
    "support": 13.0
  },
  "Naive Bayes_1": {
    "accuracy": 0.7315384615384616,
    "precision": 0.8118280069367027,
    "recall": 0.7847578347578347,
    "f1-score": 0.7967858588451581,
    "support": 26.5
  },
  "SVM_0": {
    "accuracy": 0.7926282051282051,
    "precision": 0.6721688034188034,
    "recall": 0.7384615384615384,
    "f1-score": 0.7011670598589397,
    "support": 13.0
  },
  "SVM_1": {
    "accuracy": 0.7926282051282051,
    "precision": 0.8657002442002442,
    "recall": 0.8190883190883189,
    "f1-score": 0.8406221685420684,
    "support": 26.5
  },
  "Logistic Regression_0": {
    "accuracy": 0.8406410256410256,
    "precision": 0.7315095430884904,
    "recall": 0.8384615384615385,
    "f1-score": 0.7763401872712217,
    "support": 13.0
  },
  "Logistic Regression_1": {
    "accuracy": 0.8406410256410256,
    "precision": 0.917080713210004,
    "recall": 0.8414529914529914,
    "f1-score": 0.8751108968898726,
    "support": 26.5
  }
}