{
  "Decision Tree_0": {
    "precision": 0.4276587301587302,
    "recall": 0.48333333333333334,
    "f1-score": 0.4342953342953344,
    "support": 3.3333333333333335
  },
  "Decision Tree_1": {
    "precision": 0.9076370255704622,
    "recall": 0.8873294346978557,
    "f1-score": 0.8951250382481035,
    "support": 18.3
  },
  "KNN_0": {
    "precision": 0.40256974506974513,
    "recall": 0.6375,
    "f1-score": 0.4660773485773486,
    "support": 3.3333333333333335
  },
  "KNN_1": {
    "precision": 0.9307666626745571,
    "recall": 0.8153508771929823,
    "f1-score": 0.8630115774979283,
    "support": 18.3
  },
  "Naive Bayes_0": {
    "precision": 0.4135561968895302,
    "recall": 0.6648148148148146,
    "f1-score": 0.48516514349847667,
    "support": 3.3333333333333335
  },
  "Naive Bayes_1": {
    "precision": 0.9352124572003309,
    "recall": 0.8161793372319688,
    "f1-score": 0.8663149410718786,
    "support": 18.3
  },
  "SVM_0": {
    "precision": 0.4703060365560365,
    "recall": 0.659722222222222,
    "f1-score": 0.5176635401635397,
    "support": 3.3333333333333335
  },
  "SVM_1": {
    "precision": 0.9350930517639102,
    "recall": 0.842592592592592,
    "f1-score": 0.8814981103444508,
    "support": 18.3
  },
  "Logistic Regression_0": {
    "precision": 0.4943083213083211,
    "recall": 0.68,
    "f1-score": 0.5427219817219813,
    "support": 3.3333333333333335
  },
  "Logistic Regression_1": {
    "precision": 0.9393652624178933,
    "recall": 0.8522027290448332,
    "f1-score": 0.8894267854883774,
    "support": 18.3
  }
}