{
  "Decision Tree_0": {
    "accuracy": 0.7920032051282051,
    "precision": 0.6812956039273763,
    "recall": 0.7130769230769224,
    "f1-score": 0.6901036315514247,
    "support": 13.0
  },
  "Decision Tree_1": {
    "accuracy": 0.7920032051282051,
    "precision": 0.8585258659116396,
    "recall": 0.8308333333333325,
    "f1-score": 0.8421487603491807,
    "support": 26.5
  },
  "Random Forest_0": {
    "accuracy": 0.8285769230769228,
    "precision": 0.7565090188019752,
    "recall": 0.7276923076923073,
    "f1-score": 0.734442818422292,
    "support": 13.0
  },
  "Random Forest_1": {
    "accuracy": 0.8285769230769228,
    "precision": 0.8708618989939638,
    "recall": 0.8781267806267797,
    "f1-score": 0.8725223174093151,
    "support": 26.5
  },
  "KNN_0": {
    "accuracy": 0.682378205128205,
    "precision": 0.5153633083589806,
    "recall": 0.8511538461538452,
    "f1-score": 0.6396506265092224,
    "support": 13.0
  },
  "KNN_1": {
    "accuracy": 0.682378205128205,
    "precision": 0.8931381355693925,
    "recall": 0.5996581196581202,
    "f1-score": 0.714052498375136,
    "support": 26.5
  },
  "Naive Bayes_0": {
    "accuracy": 0.7548782051282045,
    "precision": 0.6456950720203426,
    "recall": 0.5903846153846153,
    "f1-score": 0.6106651088570971,
    "support": 13.0
  },
  "Naive Bayes_1": {
    "accuracy": 0.7548782051282045,
    "precision": 0.8079984938567315,
    "recall": 0.8355982905982904,
    "f1-score": 0.8199019218205947,
    "support": 26.5
  },
  "SVM_0": {
    "accuracy": 0.8294070512820507,
    "precision": 0.7026339164576395,
    "recall": 0.8588461538461537,
    "f1-score": 0.7695162088377516,
    "support": 13.0
  },
  "SVM_1": {
    "accuracy": 0.8294070512820507,
    "precision": 0.92322205918112,
    "recall": 0.8150284900284893,
    "f1-score": 0.8638106058003135,
    "support": 26.5
  },
  "Logistic Regression_0": {
    "accuracy": 0.8386249999999993,
    "precision": 0.7225921369007676,
    "recall": 0.8523076923076917,
    "f1-score": 0.777450313886178,
    "support": 13.0
  },
  "Logistic Regression_1": {
    "accuracy": 0.8386249999999993,
    "precision": 0.9222142730438244,
    "recall": 0.8319515669515664,
    "f1-score": 0.8726130117239106,
    "support": 26.5
  }
}