{
  "Decision Tree_0": {
    "accuracy": 0.8159423076923074,
    "precision": 0.7155771717317763,
    "recall": 0.737057774011334,
    "f1-score": 0.7170679152762864,
    "support": 13.0
  },
  "Decision Tree_1": {
    "accuracy": 0.8159423076923074,
    "precision": 0.8693741172105598,
    "recall": 0.8550391591157163,
    "f1-score": 0.8596254301893701,
    "support": 26.5
  },
  "Random Forest_0": {
    "accuracy": 0.8340929487179476,
    "precision": 0.8111923191187891,
    "recall": 0.6525796597193654,
    "f1-score": 0.7124728034570063,
    "support": 13.0
  },
  "Random Forest_1": {
    "accuracy": 0.8340929487179476,
    "precision": 0.8440988492402813,
    "recall": 0.9256387132671269,
    "f1-score": 0.8806658255200317,
    "support": 26.5
  },
  "KNN_0": {
    "accuracy": 0.7457371794871789,
    "precision": 0.7024981268731264,
    "recall": 0.40340336980700786,
    "f1-score": 0.4983406683653902,
    "support": 13.0
  },
  "KNN_1": {
    "accuracy": 0.7457371794871789,
    "precision": 0.7570669607804299,
    "recall": 0.9152457073577428,
    "f1-score": 0.8259972884312576,
    "support": 26.5
  },
  "Naive Bayes_0": {
    "accuracy": 0.7450608974358972,
    "precision": 0.6573260361714307,
    "recall": 0.4828665271347159,
    "f1-score": 0.5440111603190997,
    "support": 13.0
  },
  "Naive Bayes_1": {
    "accuracy": 0.7450608974358972,
    "precision": 0.7752377443128448,
    "recall": 0.873903413534074,
    "f1-score": 0.8186435758136241,
    "support": 26.5
  },
  "SVM_0": {
    "accuracy": 0.8303333333333326,
    "precision": 0.7503594293133766,
    "recall": 0.7311840687906863,
    "f1-score": 0.7321934040465576,
    "support": 13.0
  },
  "SVM_1": {
    "accuracy": 0.8303333333333326,
    "precision": 0.8692663274974406,
    "recall": 0.8808287136190457,
    "f1-score": 0.8726088371772582,
    "support": 26.5
  },
  "Logistic Regression_0": {
    "accuracy": 0.843868589743589,
    "precision": 0.7952838213987586,
    "recall": 0.7071044411814534,
    "f1-score": 0.7398893107023301,
    "support": 13.0
  },
  "Logistic Regression_1": {
    "accuracy": 0.843868589743589,
    "precision": 0.8644364810743754,
    "recall": 0.9113043475341079,
    "f1-score": 0.8852550521596614,
    "support": 26.5
  }
}