{
  "Decision Tree_0": {
    "accuracy": 0.8623365384615375,
    "precision": 0.5611810172326812,
    "recall": 0.582854874292374,
    "f1-score": 0.5542078045422555,
    "support": 10.0
  },
  "Decision Tree_1": {
    "accuracy": 0.8623365384615375,
    "precision": 0.9219517203909213,
    "recall": 0.9149220624165779,
    "f1-score": 0.9175135755212588,
    "support": 54.9
  },
  "Random Forest_0": {
    "accuracy": 0.8987728365384607,
    "precision": 0.7674287240537236,
    "recall": 0.5023529387279387,
    "f1-score": 0.5868800367243743,
    "support": 10.0
  },
  "Random Forest_1": {
    "accuracy": 0.8987728365384607,
    "precision": 0.9142926742608105,
    "recall": 0.9717161974452344,
    "f1-score": 0.9415795617219075,
    "support": 54.9
  },
  "KNN_0": {
    "accuracy": 0.8622343749999994,
    "precision": 0.6524761904761901,
    "recall": 0.21624700299700314,
    "f1-score": 0.30917933470748443,
    "support": 10.0
  },
  "KNN_1": {
    "accuracy": 0.8622343749999994,
    "precision": 0.872936050278075,
    "recall": 0.9798807682981838,
    "f1-score": 0.9227346037229245,
    "support": 54.9
  },
  "Naive Bayes_0": {
    "accuracy": 0.8282968749999992,
    "precision": 0.46275790343501333,
    "recall": 0.697065947940948,
    "f1-score": 0.546462478035101,
    "support": 10.0
  },
  "Naive Bayes_1": {
    "accuracy": 0.8282968749999992,
    "precision": 0.9400207270688453,
    "recall": 0.8514045725732267,
    "f1-score": 0.8925970718997677,
    "support": 54.9
  },
  "SVM_0": {
    "accuracy": 0.8913016826923069,
    "precision": 0.6909537407037402,
    "recall": 0.5342564310689311,
    "f1-score": 0.5845996086685205,
    "support": 10.0
  },
  "SVM_1": {
    "accuracy": 0.8913016826923069,
    "precision": 0.9185764180483253,
    "recall": 0.9566028215800144,
    "f1-score": 0.936611051132473,
    "support": 54.9
  },
  "Logistic Regression_0": {
    "accuracy": 0.8954531249999998,
    "precision": 0.7532508602508601,
    "recall": 0.4786379523254522,
    "f1-score": 0.5672497140141369,
    "support": 10.0
  },
  "Logistic Regression_1": {
    "accuracy": 0.8954531249999998,
    "precision": 0.9105684704915014,
    "recall": 0.9721140012607569,
    "f1-score": 0.9398193308744045,
    "support": 54.9
  }
}