{
  "Decision Tree_0": {
    "accuracy": 0.8648040865384613,
    "precision": 0.5698076076829944,
    "recall": 0.6089999999999999,
    "f1-score": 0.5795031121907401,
    "support": 10.0
  },
  "Decision Tree_1": {
    "accuracy": 0.8648040865384613,
    "precision": 0.9282162352416402,
    "recall": 0.9113939393939404,
    "f1-score": 0.9191326528284904,
    "support": 54.9
  },
  "Random Forest_0": {
    "accuracy": 0.9038521634615383,
    "precision": 0.7159958652458651,
    "recall": 0.6599999999999997,
    "f1-score": 0.6767403898949499,
    "support": 10.0
  },
  "Random Forest_1": {
    "accuracy": 0.9038521634615383,
    "precision": 0.9392978306057923,
    "recall": 0.9482575757575757,
    "f1-score": 0.9433627210480721,
    "support": 54.9
  },
  "KNN_0": {
    "accuracy": 0.7517391826923068,
    "precision": 0.37428167023745673,
    "recall": 0.8535000000000015,
    "f1-score": 0.5173839198659147,
    "support": 10.0
  },
  "KNN_1": {
    "accuracy": 0.7517391826923068,
    "precision": 0.9656907439070119,
    "recall": 0.7331902356902357,
    "f1-score": 0.8319279382513968,
    "support": 54.9
  },
  "Naive Bayes_0": {
    "accuracy": 0.8103834134615377,
    "precision": 0.4394224941517628,
    "recall": 0.7405000000000003,
    "f1-score": 0.5480576172292672,
    "support": 10.0
  },
  "Naive Bayes_1": {
    "accuracy": 0.8103834134615377,
    "precision": 0.9461027787167232,
    "recall": 0.8231026936026943,
    "f1-score": 0.8795779308464527,
    "support": 54.9
  },
  "SVM_0": {
    "accuracy": 0.8624711538461532,
    "precision": 0.5453102578862861,
    "recall": 0.8375000000000012,
    "f1-score": 0.6552347450046908,
    "support": 10.0
  },
  "SVM_1": {
    "accuracy": 0.8624711538461532,
    "precision": 0.967579531426449,
    "recall": 0.8670033670033677,
    "f1-score": 0.9137725925322249,
    "support": 54.9
  },
  "Logistic Regression_0": {
    "accuracy": 0.8758004807692308,
    "precision": 0.5743528147661112,
    "recall": 0.8755000000000014,
    "f1-score": 0.6886919043919467,
    "support": 10.0
  },
  "Logistic Regression_1": {
    "accuracy": 0.8758004807692308,
    "precision": 0.975142340950528,
    "recall": 0.8758484848484859,
    "f1-score": 0.9221813323615163,
    "support": 54.9
  }
}