{
  "Decision Tree_0": {
    "accuracy": 0.8127980769230762,
    "precision": 0.7151798720285556,
    "recall": 0.721631643382417,
    "f1-score": 0.70856223633181,
    "support": 13.0
  },
  "Decision Tree_1": {
    "accuracy": 0.8127980769230762,
    "precision": 0.8636595652009293,
    "recall": 0.8584400100382349,
    "f1-score": 0.8581909138930726,
    "support": 26.5
  },
  "Random Forest_0": {
    "accuracy": 0.8221826923076917,
    "precision": 0.7746224800526267,
    "recall": 0.6507054020326077,
    "f1-score": 0.6965097822925352,
    "support": 13.0
  },
  "Random Forest_1": {
    "accuracy": 0.8221826923076917,
    "precision": 0.8413695997634082,
    "recall": 0.9080873856798374,
    "f1-score": 0.8710637414263097,
    "support": 26.5
  },
  "KNN_0": {
    "accuracy": 0.7284262820512819,
    "precision": 0.6298548951048951,
    "recall": 0.437919145483,
    "f1-score": 0.5037721866584655,
    "support": 13.0
  },
  "KNN_1": {
    "accuracy": 0.7284262820512819,
    "precision": 0.7594291761551435,
    "recall": 0.8728710461482225,
    "f1-score": 0.8092690897553892,
    "support": 26.5
  },
  "Naive Bayes_0": {
    "accuracy": 0.733464743589743,
    "precision": 0.6202810316403582,
    "recall": 0.505222551206104,
    "f1-score": 0.5428005327928503,
    "support": 13.0
  },
  "Naive Bayes_1": {
    "accuracy": 0.733464743589743,
    "precision": 0.7777276600106114,
    "recall": 0.846648321950574,
    "f1-score": 0.8071690261153626,
    "support": 26.5
  },
  "SVM_0": {
    "accuracy": 0.8117884615384615,
    "precision": 0.7855607101232097,
    "recall": 0.5930726229609745,
    "f1-score": 0.6640375702895562,
    "support": 13.0
  },
  "SVM_1": {
    "accuracy": 0.8117884615384615,
    "precision": 0.8216757090560063,
    "recall": 0.9202726185384261,
    "f1-score": 0.8659165433355165,
    "support": 26.5
  },
  "Logistic Regression_0": {
    "accuracy": 0.8344807692307684,
    "precision": 0.7512278815096154,
    "recall": 0.7432035485584246,
    "f1-score": 0.7386906992498335,
    "support": 13.0
  },
  "Logistic Regression_1": {
    "accuracy": 0.8344807692307684,
    "precision": 0.8749839932869043,
    "recall": 0.8810775375232036,
    "f1-score": 0.8756406986892664,
    "support": 26.5
  }
}