{
  "Decision Tree_0": {
    "accuracy": 0.8443750000000001,
    "precision": 0.5026262626262625,
    "recall": 0.48999999999999994,
    "f1-score": 0.4859736104968303,
    "support": 10.0
  },
  "Decision Tree_1": {
    "accuracy": 0.8443750000000001,
    "precision": 0.9080195960029218,
    "recall": 0.9089898989898989,
    "f1-score": 0.9078625627047254,
    "support": 54.9
  },
  "KNN_0": {
    "accuracy": 0.7504086538461539,
    "precision": 0.36360009716531455,
    "recall": 0.8300000000000001,
    "f1-score": 0.5034346552681466,
    "support": 10.0
  },
  "KNN_1": {
    "accuracy": 0.7504086538461539,
    "precision": 0.9612870845358084,
    "recall": 0.735925925925926,
    "f1-score": 0.8325751896641128,
    "support": 54.9
  },
  "Naive Bayes_0": {
    "accuracy": 0.8043509615384614,
    "precision": 0.42693014238494786,
    "recall": 0.7100000000000001,
    "f1-score": 0.5224566156593486,
    "support": 10.0
  },
  "Naive Bayes_1": {
    "accuracy": 0.8043509615384614,
    "precision": 0.9420793626747269,
    "recall": 0.8216498316498317,
    "f1-score": 0.8757385533917489,
    "support": 54.9
  },
  "SVM_0": {
    "accuracy": 0.8751682692307693,
    "precision": 0.5918559218559218,
    "recall": 0.6300000000000001,
    "f1-score": 0.6037981035282153,
    "support": 10.0
  },
  "SVM_1": {
    "accuracy": 0.8751682692307693,
    "precision": 0.9323937845090183,
    "recall": 0.9198653198653199,
    "f1-score": 0.9257280143172547,
    "support": 54.9
  },
  "Logistic Regression_0": {
    "accuracy": 0.8691346153846154,
    "precision": 0.5599709114414997,
    "recall": 0.8099999999999999,
    "f1-score": 0.6589035280339629,
    "support": 10.0
  },
  "Logistic Regression_1": {
    "accuracy": 0.8691346153846154,
    "precision": 0.9624547511312217,
    "recall": 0.8798989898989898,
    "f1-score": 0.9188691367855844,
    "support": 54.9
  }
}