{
  "Decision Tree_0": {
    "accuracy": 0.8521562499999986,
    "precision": 0.5292907439782442,
    "recall": 0.5495,
    "f1-score": 0.5312559595274531,
    "support": 10.0
  },
  "Decision Tree_1": {
    "accuracy": 0.8521562499999986,
    "precision": 0.9176214786071785,
    "recall": 0.9072861952861955,
    "f1-score": 0.9119300514397728,
    "support": 54.9
  },
  "Random Forest_0": {
    "accuracy": 0.8987824519230763,
    "precision": 0.7208638028638025,
    "recall": 0.588,
    "f1-score": 0.636992508267223,
    "support": 10.0
  },
  "Random Forest_1": {
    "accuracy": 0.8987824519230763,
    "precision": 0.9277723505956176,
    "recall": 0.9553804713804719,
    "f1-score": 0.9410404824734535,
    "support": 54.9
  },
  "KNN_0": {
    "accuracy": 0.7428185096153844,
    "precision": 0.36024132041107826,
    "recall": 0.8125000000000007,
    "f1-score": 0.4964966109628795,
    "support": 10.0
  },
  "KNN_1": {
    "accuracy": 0.7428185096153844,
    "precision": 0.9558189582830573,
    "recall": 0.7301228956228958,
    "f1-score": 0.8263808459010487,
    "support": 54.9
  },
  "Naive Bayes_0": {
    "accuracy": 0.8050733173076917,
    "precision": 0.42970811439667067,
    "recall": 0.7175,
    "f1-score": 0.5338109378378293,
    "support": 10.0
  },
  "Naive Bayes_1": {
    "accuracy": 0.8050733173076917,
    "precision": 0.941402625330513,
    "recall": 0.8210218855218856,
    "f1-score": 0.8763024547132565,
    "support": 54.9
  },
  "SVM_0": {
    "accuracy": 0.8742632211538458,
    "precision": 0.5981955062481383,
    "recall": 0.6344999999999995,
    "f1-score": 0.6073706401646245,
    "support": 10.0
  },
  "SVM_1": {
    "accuracy": 0.8742632211538458,
    "precision": 0.9329550244841343,
    "recall": 0.917934343434344,
    "f1-score": 0.9248769280934692,
    "support": 54.9
  },
  "Logistic Regression_0": {
    "accuracy": 0.8675661057692305,
    "precision": 0.5612621744440629,
    "recall": 0.7740000000000002,
    "f1-score": 0.6451003792878234,
    "support": 10.0
  },
  "Logistic Regression_1": {
    "accuracy": 0.8675661057692305,
    "precision": 0.9560131827952948,
    "recall": 0.8846010101010116,
    "f1-score": 0.9183360371325395,
    "support": 54.9
  }
}