{
  "Decision Tree_0": {
    "accuracy": 0.7887403846153843,
    "precision": 0.6846487214196191,
    "recall": 0.6884615384615377,
    "f1-score": 0.679677426797636,
    "support": 13.0
  },
  "Decision Tree_1": {
    "accuracy": 0.7887403846153843,
    "precision": 0.8486500523199448,
    "recall": 0.8379059829059823,
    "f1-score": 0.8410866534775506,
    "support": 26.5
  },
  "Random Forest_0": {
    "accuracy": 0.809910256410256,
    "precision": 0.732817897015265,
    "recall": 0.6892307692307688,
    "f1-score": 0.7033657749096988,
    "support": 13.0
  },
  "Random Forest_1": {
    "accuracy": 0.809910256410256,
    "precision": 0.8530240761143595,
    "recall": 0.8691239316239308,
    "f1-score": 0.8591562442409711,
    "support": 26.5
  },
  "KNN_0": {
    "accuracy": 0.6555256410256411,
    "precision": 0.4917250828335555,
    "recall": 0.8284615384615374,
    "f1-score": 0.6144880638029696,
    "support": 13.0
  },
  "KNN_1": {
    "accuracy": 0.6555256410256411,
    "precision": 0.8732807383208084,
    "recall": 0.5707977207977213,
    "f1-score": 0.685593128440822,
    "support": 26.5
  },
  "Naive Bayes_0": {
    "accuracy": 0.7478333333333328,
    "precision": 0.6262185549658461,
    "recall": 0.6042307692307687,
    "f1-score": 0.6091137202531727,
    "support": 13.0
  },
  "Naive Bayes_1": {
    "accuracy": 0.7478333333333328,
    "precision": 0.8105626510153212,
    "recall": 0.8182407407407399,
    "f1-score": 0.8125401494357709,
    "support": 26.5
  },
  "SVM_0": {
    "accuracy": 0.8077820512820506,
    "precision": 0.6986899593139916,
    "recall": 0.7553846153846141,
    "f1-score": 0.7211693335182814,
    "support": 13.0
  },
  "SVM_1": {
    "accuracy": 0.8077820512820506,
    "precision": 0.8758671076641176,
    "recall": 0.8335470085470078,
    "f1-score": 0.8524871574571611,
    "support": 26.5
  },
  "Logistic Regression_0": {
    "accuracy": 0.8318814102564093,
    "precision": 0.7233479733415877,
    "recall": 0.8157692307692299,
    "f1-score": 0.7617956051027526,
    "support": 13.0
  },
  "Logistic Regression_1": {
    "accuracy": 0.8318814102564093,
    "precision": 0.9050630033478154,
    "recall": 0.8398361823361818,
    "f1-score": 0.8692458571395641,
    "support": 26.5
  }
}