{
  "Decision Tree_0": {
    "accuracy": 0.857876201923076,
    "precision": 0.5435353150246726,
    "recall": 0.5557765151515149,
    "f1-score": 0.532089281180983,
    "support": 10.0
  },
  "Decision Tree_1": {
    "accuracy": 0.857876201923076,
    "precision": 0.9183962476179175,
    "recall": 0.9136990933687222,
    "f1-score": 0.9151160845953199,
    "support": 54.9
  },
  "Random Forest_0": {
    "accuracy": 0.8984711538461528,
    "precision": 0.770444277944278,
    "recall": 0.4902555153180152,
    "f1-score": 0.581472369109854,
    "support": 10.0
  },
  "Random Forest_1": {
    "accuracy": 0.8984711538461528,
    "precision": 0.9125112689220678,
    "recall": 0.9735208255566199,
    "f1-score": 0.94150844285567,
    "support": 54.9
  },
  "KNN_0": {
    "accuracy": 0.8525384615384604,
    "precision": 0.5635606060606058,
    "recall": 0.22259273365523374,
    "f1-score": 0.30446628470241993,
    "support": 10.0
  },
  "KNN_1": {
    "accuracy": 0.8525384615384604,
    "precision": 0.8721282959764448,
    "recall": 0.9676828817411177,
    "f1-score": 0.9167583774287265,
    "support": 54.9
  },
  "Naive Bayes_0": {
    "accuracy": 0.8264423076923069,
    "precision": 0.45973003743631524,
    "recall": 0.7085536616161615,
    "f1-score": 0.5485993779971174,
    "support": 10.0
  },
  "Naive Bayes_1": {
    "accuracy": 0.8264423076923069,
    "precision": 0.9416087621391445,
    "recall": 0.8472051974667401,
    "f1-score": 0.8910292966776232,
    "support": 54.9
  },
  "SVM_0": {
    "accuracy": 0.8698665865384616,
    "precision": 0.6709098124098124,
    "recall": 0.3049135378510379,
    "f1-score": 0.400845373444327,
    "support": 10.0
  },
  "SVM_1": {
    "accuracy": 0.8698665865384616,
    "precision": 0.8844331003090156,
    "recall": 0.9736465703097967,
    "f1-score": 0.9262543111667679,
    "support": 54.9
  },
  "Logistic Regression_0": {
    "accuracy": 0.8893749999999991,
    "precision": 0.6732456848706849,
    "recall": 0.5591294053169054,
    "f1-score": 0.5908439085897677,
    "support": 10.0
  },
  "Logistic Regression_1": {
    "accuracy": 0.8893749999999991,
    "precision": 0.9218820228335902,
    "recall": 0.9501158515900617,
    "f1-score": 0.9351052279465639,
    "support": 54.9
  }
}