{
  "Decision Tree_0": {
    "accuracy": 0.9464791987673342,
    "precision": 0.8018816333560728,
    "recall": 0.8707999999999997,
    "f1-score": 0.8339013793271107,
    "support": 100.0
  },
  "Decision Tree_1": {
    "accuracy": 0.9464791987673342,
    "precision": 0.976143539634696,
    "recall": 0.9602641165755922,
    "f1-score": 0.9680903191976562,
    "support": 549.0
  },
  "Random Forest_0": {
    "accuracy": 0.970570107858245,
    "precision": 0.9211873942461264,
    "recall": 0.88515,
    "f1-score": 0.9025802562094056,
    "support": 100.0
  },
  "Random Forest_1": {
    "accuracy": 0.970570107858245,
    "precision": 0.9792420280147982,
    "recall": 0.9861293260473577,
    "f1-score": 0.9826660717686226,
    "support": 549.0
  },
  "KNN_0": {
    "accuracy": 0.7943297380585522,
    "precision": 0.4266253659275067,
    "recall": 0.9693999999999988,
    "f1-score": 0.592390697987736,
    "support": 100.0
  },
  "KNN_1": {
    "accuracy": 0.7943297380585522,
    "precision": 0.9927721877345087,
    "recall": 0.7624408014571946,
    "f1-score": 0.8624415759566811,
    "support": 549.0
  },
  "Naive Bayes_0": {
    "accuracy": 0.8207858243451471,
    "precision": 0.45404863323590966,
    "recall": 0.7978000000000007,
    "f1-score": 0.5785245365594378,
    "support": 100.0
  },
  "Naive Bayes_1": {
    "accuracy": 0.8207858243451471,
    "precision": 0.9572912774934782,
    "recall": 0.8249726775956288,
    "f1-score": 0.8861742958836294,
    "support": 549.0
  },
  "SVM_0": {
    "accuracy": 0.8914406779661013,
    "precision": 0.593702701853918,
    "recall": 0.9391499999999994,
    "f1-score": 0.7273114408974756,
    "support": 100.0
  },
  "SVM_1": {
    "accuracy": 0.8914406779661013,
    "precision": 0.9876264142591112,
    "recall": 0.8827504553734069,
    "f1-score": 0.9322220210389811,
    "support": 549.0
  },
  "Logistic Regression_0": {
    "accuracy": 0.8910939907550071,
    "precision": 0.5941930465562949,
    "recall": 0.9265499999999999,
    "f1-score": 0.7239464158441348,
    "support": 100.0
  },
  "Logistic Regression_1": {
    "accuracy": 0.8910939907550071,
    "precision": 0.985116271534286,
    "recall": 0.8846357012750456,
    "f1-score": 0.9321617247823325,
    "support": 549.0
  }
}