{
  "Decision Tree_0": {
    "accuracy": 0.928367088607595,
    "precision": 0.8784563163113809,
    "recall": 0.9094230769230769,
    "f1-score": 0.8931039594640757,
    "support": 130.0
  },
  "Decision Tree_1": {
    "accuracy": 0.928367088607595,
    "precision": 0.9550354170605483,
    "recall": 0.9376603773584907,
    "f1-score": 0.9461082987546817,
    "support": 265.0
  },
  "Random Forest_0": {
    "accuracy": 0.9611645569620261,
    "precision": 0.9498691816710243,
    "recall": 0.9314230769230761,
    "f1-score": 0.9404126330782928,
    "support": 130.0
  },
  "Random Forest_1": {
    "accuracy": 0.9611645569620261,
    "precision": 0.9667393777996344,
    "recall": 0.9757547169811318,
    "f1-score": 0.9711926771520234,
    "support": 265.0
  },
  "KNN_0": {
    "accuracy": 0.7560506329113921,
    "precision": 0.5813114981474905,
    "recall": 0.9311923076923075,
    "f1-score": 0.7154964804447447,
    "support": 130.0
  },
  "KNN_1": {
    "accuracy": 0.7560506329113921,
    "precision": 0.9523741016003235,
    "recall": 0.670132075471698,
    "f1-score": 0.7863112919059724,
    "support": 265.0
  },
  "Naive Bayes_0": {
    "accuracy": 0.7950759493670884,
    "precision": 0.6965067540917442,
    "recall": 0.6703846153846159,
    "f1-score": 0.6825922367963057,
    "support": 130.0
  },
  "Naive Bayes_1": {
    "accuracy": 0.7950759493670884,
    "precision": 0.84141805447697,
    "recall": 0.8562452830188676,
    "f1-score": 0.8486056164441454,
    "support": 265.0
  },
  "SVM_0": {
    "accuracy": 0.8732405063291142,
    "precision": 0.749603038862343,
    "recall": 0.924500000000001,
    "f1-score": 0.8276822976937928,
    "support": 130.0
  },
  "SVM_1": {
    "accuracy": 0.8732405063291142,
    "precision": 0.9582971893324792,
    "recall": 0.8480943396226417,
    "f1-score": 0.8997130093333513,
    "support": 265.0
  },
  "Logistic Regression_0": {
    "accuracy": 0.8573670886075955,
    "precision": 0.736098048726691,
    "recall": 0.8838076923076931,
    "f1-score": 0.8031039983599839,
    "support": 130.0
  },
  "Logistic Regression_1": {
    "accuracy": 0.8573670886075955,
    "precision": 0.9368421115570754,
    "recall": 0.8443962264150942,
    "f1-score": 0.8881659749561518,
    "support": 265.0
  }
}