{
  "Decision Tree_0": {
    "accuracy": 0.7918878205128201,
    "precision": 0.6810734474503825,
    "recall": 0.7111538461538451,
    "f1-score": 0.6893017697125872,
    "support": 13.0
  },
  "Decision Tree_1": {
    "accuracy": 0.7918878205128201,
    "precision": 0.8577837785894957,
    "recall": 0.8315954415954407,
    "f1-score": 0.842256451400407,
    "support": 26.5
  },
  "Random Forest_0": {
    "accuracy": 0.8230897435897429,
    "precision": 0.7461154726336612,
    "recall": 0.7215384615384609,
    "f1-score": 0.7264485808752841,
    "support": 13.0
  },
  "Random Forest_1": {
    "accuracy": 0.8230897435897429,
    "precision": 0.8676437702906444,
    "recall": 0.8729772079772071,
    "f1-score": 0.8683105136219678,
    "support": 26.5
  },
  "KNN_0": {
    "accuracy": 0.682378205128205,
    "precision": 0.5153633083589806,
    "recall": 0.8511538461538452,
    "f1-score": 0.6396506265092224,
    "support": 13.0
  },
  "KNN_1": {
    "accuracy": 0.682378205128205,
    "precision": 0.8931381355693925,
    "recall": 0.5996581196581202,
    "f1-score": 0.714052498375136,
    "support": 26.5
  },
  "Naive Bayes_0": {
    "accuracy": 0.7548782051282045,
    "precision": 0.6456950720203426,
    "recall": 0.5903846153846153,
    "f1-score": 0.6106651088570972,
    "support": 13.0
  },
  "Naive Bayes_1": {
    "accuracy": 0.7548782051282045,
    "precision": 0.8079984938567315,
    "recall": 0.8355982905982904,
    "f1-score": 0.8199019218205947,
    "support": 26.5
  },
  "SVM_0": {
    "accuracy": 0.8294070512820507,
    "precision": 0.7026339164576395,
    "recall": 0.8588461538461537,
    "f1-score": 0.7695162088377516,
    "support": 13.0
  },
  "SVM_1": {
    "accuracy": 0.8294070512820507,
    "precision": 0.92322205918112,
    "recall": 0.8150284900284893,
    "f1-score": 0.8638106058003135,
    "support": 26.5
  },
  "Logistic Regression_0": {
    "accuracy": 0.8386249999999993,
    "precision": 0.7225921369007676,
    "recall": 0.8523076923076917,
    "f1-score": 0.777450313886178,
    "support": 13.0
  },
  "Logistic Regression_1": {
    "accuracy": 0.8386249999999993,
    "precision": 0.9222142730438244,
    "recall": 0.8319515669515664,
    "f1-score": 0.8726130117239106,
    "support": 26.5
  }
}